Ref,Val,Package,PosX,PosY,Rot,Side
"C20","2pF","C_0603_1608Metric_Pad1.08x0.95mm_HandSolder",-143.328670,-99.223336,135.000000,bottom
"C21","2pF","C_0603_1608Metric_Pad1.08x0.95mm_HandSolder",-149.072320,-106.527880,-135.000000,bottom
"C22","2pF","C_0603_1608Metric_Pad1.08x0.95mm_HandSolder",-156.655369,-100.768824,-45.000000,bottom
"C23","2pF","C_0603_1608Metric_Pad1.08x0.95mm_HandSolder",-150.756024,-93.342831,45.000000,bottom
"C24","10p","C_0603_1608Metric_Pad1.08x0.95mm_HandSolder",-167.259000,-108.178880,-45.000000,bottom
"C25","0.01uF","C_0603_1608Metric_Pad1.08x0.95mm_HandSolder",-159.841920,-114.998220,-45.000000,bottom
"C36","1uF","C_0603_1608Metric_Pad1.08x0.95mm_HandSolder",-159.308520,-99.161320,-45.000000,bottom
"C37","1uF","C_0603_1608Metric_Pad1.08x0.95mm_HandSolder",-151.790400,-110.159800,-135.000000,bottom
"C38","1uF","C_0603_1608Metric_Pad1.08x0.95mm_HandSolder",-137.642880,-104.051380,135.000000,bottom
"C39","1uF","C_0603_1608Metric_Pad1.08x0.95mm_HandSolder",-147.522920,-89.154280,45.000000,bottom
"C40","10uF","C_0603_1608Metric_Pad1.08x0.95mm_HandSolder",-142.139500,-100.380520,-45.000000,bottom
"C41","1uF","C_0603_1608Metric_Pad1.08x0.95mm_HandSolder",-137.185120,-95.224880,-135.000000,bottom
"C42","0.1uF","C_0603_1608Metric_Pad1.08x0.95mm_HandSolder",-135.382000,-88.392000,45.000000,bottom
"C43","10uF","C_0603_1608Metric_Pad1.08x0.95mm_HandSolder",-149.072880,-108.660920,45.000000,bottom
"C44","1uF","C_0603_1608Metric_Pad1.08x0.95mm_HandSolder",-146.964400,-111.252000,-45.000000,bottom
"C45","0.1uF","C_0603_1608Metric_Pad1.08x0.95mm_HandSolder",-138.378920,-112.725480,135.000000,bottom
"C46","10uF","C_0603_1608Metric_Pad1.08x0.95mm_HandSolder",-158.394680,-100.330280,135.000000,bottom
"C47","1uF","C_0603_1608Metric_Pad1.08x0.95mm_HandSolder",-161.746920,-103.175080,45.000000,bottom
"C48","0.1uF","C_0603_1608Metric_Pad1.08x0.95mm_HandSolder",-167.284400,-103.886000,-135.000000,bottom
"C49","10uF","C_0603_1608Metric_Pad1.08x0.95mm_HandSolder",-149.758400,-91.998800,-135.000000,bottom
"C50","1uF","C_0603_1608Metric_Pad1.08x0.95mm_HandSolder",-152.602920,-89.052120,135.000000,bottom
"C51","0.1uF","C_0603_1608Metric_Pad1.08x0.95mm_HandSolder",-159.258280,-85.242680,-45.000000,bottom
"D2","SFH2201","SFH2201",-142.214341,-92.217959,135.000000,bottom
"D3","SFH2201","SFH2201",-142.212598,-107.768499,-135.000000,bottom
"D4","SFH2201","SFH2201",-157.769699,-107.774202,-45.000000,bottom
"D5","SFH2201","SFH2201",-157.761402,-92.228501,45.000000,bottom
"D6","DNP","LED_D5.0mm_Clear",-164.602000,-100.888800,45.000000,bottom
"D7","DNP","LED_D5.0mm_Clear",-150.901400,-116.408200,135.000000,bottom
"D8","DNP","LED_D5.0mm_Clear",-133.596000,-100.888800,45.000000,bottom
"D9","DNP","LED_D5.0mm_Clear",-149.080000,-83.608800,-45.000000,bottom
"Q1","‎DMN2065UWQ-7","SOT-323_SC-70_Handsoldering",-164.746167,-110.994929,135.000000,bottom
"R10","10M 0.1%","R_1206_3216Metric_Pad1.30x1.75mm_HandSolder",-144.800655,-97.749797,-45.000000,bottom
"R11","10M 0.1%","R_1206_3216Metric_Pad1.30x1.75mm_HandSolder",-147.744436,-105.182185,45.000000,bottom
"R12","10M 0.1%","R_1206_3216Metric_Pad1.30x1.75mm_HandSolder",-155.183385,-102.242364,135.000000,bottom
"R13","10M 0.1%","R_1206_3216Metric_Pad1.30x1.75mm_HandSolder",-152.229564,-94.814815,-135.000000,bottom
"R14","33R 0.1%","R_1206_3216Metric_Pad1.30x1.75mm_HandSolder",-162.894016,-112.856016,-45.000000,bottom
"R15","10R","R_0603_1608Metric_Pad0.98x0.95mm_HandSolder",-168.554400,-107.188000,-45.000000,bottom
"R16","10k","R_0603_1608Metric_Pad0.98x0.95mm_HandSolder",-166.126235,-109.230235,135.000000,bottom
"R17","1M","R_0603_1608Metric_Pad0.98x0.95mm_HandSolder",-160.962265,-113.870665,-45.000000,bottom
"R18","3k 0.1%","R_0603_1608Metric_Pad0.98x0.95mm_HandSolder",-158.724600,-116.141500,135.000000,bottom
"R24","100k","R_0603_1608Metric_Pad0.98x0.95mm_HandSolder",-159.562800,-97.332800,135.000000,bottom
"R25","100k","R_0603_1608Metric_Pad0.98x0.95mm_HandSolder",-150.723600,-109.093000,45.000000,bottom
"R26","100k","R_0603_1608Metric_Pad0.98x0.95mm_HandSolder",-138.122735,-97.812935,-45.000000,bottom
"R27","100k","R_0603_1608Metric_Pad0.98x0.95mm_HandSolder",-147.929600,-90.932000,-135.000000,bottom
"U2","OPA392DBVR","SOT-23-5_HandSoldering",-146.953229,-95.627769,135.000000,bottom
"U3","OPA392DBVR","SOT-23-5_HandSoldering",-145.622409,-103.029611,-135.000000,bottom
"U4","OPA392DBVR","SOT-23-5_HandSoldering",-153.030811,-104.364391,-45.000000,bottom
"U5","OPA392DBVR","SOT-23-5_HandSoldering",-154.351591,-96.967389,45.000000,bottom
"U8","TPS22810DBVR","SOT-23-6_Handsoldering",-163.096843,-94.957154,45.000000,bottom
"U9","TPS22810DBVR","SOT-23-6_Handsoldering",-155.166506,-113.358106,-45.000000,bottom
"U10","TPS22810DBVR","SOT-23-6_Handsoldering",-139.944743,-102.299246,-45.000000,bottom
"U11","TPS22810DBVR","SOT-23-6_Handsoldering",-144.718594,-87.263794,135.000000,bottom
"U12","LTC6910","TSOT-23-8",-134.493000,-92.456000,135.000000,bottom
"U13","LTC6910","TSOT-23-8",-144.373600,-113.436400,-135.000000,bottom
"U14","LTC6910","TSOT-23-8",-163.797435,-105.367945,-45.000000,bottom
"U15","LTC6910","TSOT-23-8",-154.838400,-86.817200,45.000000,bottom
"BT1","BK-5058-SM","BAT_BK-5058-SM",162.496500,-87.422524,135.000000,top
"C1","2.2nF","C_0603_1608Metric_Pad1.08x0.95mm_HandSolder",130.556000,-86.614000,-135.000000,top
"C2","100nF","C_0603_1608Metric_Pad1.08x0.95mm_HandSolder",158.648120,-95.211620,135.000000,top
"C3","10uF","CP_EIA-3528-21_Kemet-B_Pad1.50x2.35mm_HandSolder",163.188951,-96.767951,-45.000000,top
"C4","10pF","C_0603_1608Metric_Pad1.08x0.95mm_HandSolder",160.782000,-93.027500,135.000000,top
"C5","10pF","C_0603_1608Metric_Pad1.08x0.95mm_HandSolder",154.432000,-86.677500,-45.000000,top
"C6","2pF","C_0603_1608Metric_Pad1.08x0.95mm_HandSolder",158.343600,-113.385600,-135.000000,top
"C7","2pF","C_0603_1608Metric_Pad1.08x0.95mm_HandSolder",154.990800,-113.131600,-45.000000,top
"C8","22nF","C_0603_1608Metric_Pad1.08x0.95mm_HandSolder",152.311380,-88.811380,-45.000000,top
"C9","10uF","CP_EIA-3528-21_Kemet-B_Pad1.50x2.35mm_HandSolder",152.622551,-114.166951,-45.000000,top
"C10","100nF","C_0603_1608Metric_Pad1.08x0.95mm_HandSolder",147.828280,-116.535480,135.000000,top
"C11","100nF","C_0603_1608Metric_Pad1.08x0.95mm_HandSolder",155.511500,-89.027000,45.000000,top
"C12","100nF","C_0603_1608Metric_Pad1.08x0.95mm_HandSolder",148.526500,-86.995000,-135.000000,top
"C13","100nF","C_0603_1608Metric_Pad1.08x0.95mm_HandSolder",149.606000,-88.074500,-135.000000,top
"C14","100nF","C_0603_1608Metric_Pad1.08x0.95mm_HandSolder",138.328120,-111.049080,-135.000000,top
"C15","100nF","C_0603_1608Metric_Pad1.08x0.95mm_HandSolder",139.394920,-112.115880,-135.000000,top
"C16","100nF","C_0603_1608Metric_Pad1.08x0.95mm_HandSolder",159.816800,-108.204000,135.000000,top
"C17","100nF","C_0603_1608Metric_Pad1.08x0.95mm_HandSolder",160.934400,-107.086400,135.000000,top
"C18","470nF","C_0603_1608Metric_Pad1.08x0.95mm_HandSolder",146.456400,-90.043000,-135.000000,top
"C19","4.7nF","C_0603_1608Metric_Pad1.08x0.95mm_HandSolder",158.699480,-109.321880,135.000000,top
"C28","1uF","C_0805_2012Metric_Pad1.18x1.45mm_HandSolder",164.531477,-116.824323,45.000000,top
"C29","10nF","C_0603_1608Metric_Pad1.08x0.95mm_HandSolder",159.181800,-119.481600,45.000000,top
"C30","10nF","C_0603_1608Metric_Pad1.08x0.95mm_HandSolder",161.518600,-119.341900,-135.000000,top
"C31","10uF","C_1206_3216Metric_Pad1.33x1.80mm_HandSolder",155.511546,-116.725654,45.000000,top
"C32","10uF","C_1206_3216Metric_Pad1.33x1.80mm_HandSolder",170.433076,-108.532555,45.000000,top
"C33","0.1uF","C_0603_1608Metric_Pad1.08x0.95mm_HandSolder",168.305816,-107.786133,45.000000,top
"C34","10nF","C_0603_1608Metric_Pad1.08x0.95mm_HandSolder",164.569252,-104.051125,45.000000,top
"C35","10uF","C_1206_3216Metric_Pad1.33x1.80mm_HandSolder",162.013900,-103.505000,45.000000,top
"C52","0.1uF","C_0603_1608Metric_Pad1.08x0.95mm_HandSolder",142.037080,-113.893880,135.000000,top
"C53","0.1uF","C_0603_1608Metric_Pad1.08x0.95mm_HandSolder",146.100800,-112.928400,-45.000000,top
"C54","0.1uF","C_0603_1608Metric_Pad1.08x0.95mm_HandSolder",144.576520,-114.350520,-45.000000,top
"C55","0.1uF","C_0603_1608Metric_Pad1.08x0.95mm_HandSolder",147.268920,-111.759720,-45.000000,top
"D1","LED","LED_0603_1608Metric_Pad1.05x0.95mm_HandSolder",169.367200,-86.664800,135.000000,top
"F1","500mA","Fuse_0603_1608Metric_Pad1.05x0.95mm_HandSolder",136.191218,-112.886718,135.000000,top
"J1","Conn_01x06","Molex_Nano-Fit_105310-xx06_2x03_P2.50mm_Vertical",131.114800,-105.206800,23.000000,top
"J2","Conn_01x03","Molex_Nano-Fit_105309-xx03_1x03_P2.50mm_Vertical",140.091138,-116.929972,67.000000,top
"JTAG1","Conn_02x07_Odd_Even","CustomPinHeader_2x07_P2.54mm_Vertical_SMD",138.340000,-88.340000,-45.000000,top
"R1","47k","R_0603_1608Metric_Pad0.98x0.95mm_HandSolder",136.550400,-80.619600,-135.000000,top
"R2","0R","R_0603_1608Metric_Pad0.98x0.95mm_HandSolder",159.712735,-94.117235,135.000000,top
"R5","0R","R_0603_1608Metric_Pad0.98x0.95mm_HandSolder",167.523235,-114.543765,-135.000000,top
"R6","0R","R_0603_1608Metric_Pad0.98x0.95mm_HandSolder",158.203900,-118.186200,-135.000000,top
"R7","0R","R_0603_1608Metric_Pad0.98x0.95mm_HandSolder",169.489088,-105.378859,135.000000,top
"R8","2k","R_0603_1608Metric_Pad0.98x0.95mm_HandSolder",166.975960,-102.865731,135.000000,top
"R9","1k","R_0603_1608Metric_Pad0.98x0.95mm_HandSolder",163.052835,-80.452035,-45.000000,top
"R19","DNP","R_0603_1608Metric_Pad0.98x0.95mm_HandSolder",138.379200,-103.784400,-135.000000,top
"R20","DNP","R_0603_1608Metric_Pad0.98x0.95mm_HandSolder",137.276765,-102.702435,-135.000000,top
"TA0","TestPoint_Small","TestPoint_Keystone_5015_Micro-Minature",133.553200,-83.515200,45.000000,top
"TA1","TestPoint_Small","TestPoint_Keystone_5015_Micro-Minature",141.033500,-121.094500,-23.000000,top
"TA2","TestPoint_Small","TestPoint_Keystone_5015_Micro-Minature",156.210000,-121.005600,-45.000000,top
"TA3","TestPoint_Small","TestPoint_Keystone_5015_Micro-Minature",166.370000,-83.108800,-45.000000,top
"TP1","TestPoint_Small","TestPoint_Keystone_5015_Micro-Minature",135.318500,-116.967000,-135.000000,top
"TP2","TestPoint_Small","TestPoint_Keystone_5015_Micro-Minature",133.096000,-114.744500,-135.000000,top
"U1","MSP430FG6626IPZ","LQFP-100_14x14mm_P0.5mm",150.000000,-100.000000,-135.000000,top
"U6","LT1762-3.3","MSOP-8_3x3mm_P0.65mm",163.328047,-113.724873,45.000000,top
"U7","ISL60002BIH318Z-TK","SOT-23",166.425831,-105.930332,-135.000000,top
"U16","SN65C3232PWR","TSSOP-16_4.4x5mm_P0.65mm",141.997445,-108.278342,135.000000,top
"Y1","32.768kHz","Crystal_SMD_3215-2Pin_3.2x1.5mm",157.797500,-90.746617,-45.000000,top
"Y2","18.4320MHZ","Crystal_SMD_2520-4Pin_2.5x2.0mm",156.594907,-111.458456,-45.000000,top
